fecha,"IPC General histórico, variación mensual","IPC sin volátiles, variación mensual","Velocidad de expansión (porcentaje), referencia 2018",Tasa de desempleo mensual nacional INE (porcentaje),Precio del cobre refinado BML (dólares/libra),Precio del petróleo WTI (dólares/barril),"IPC Energía volátiles, variación mensual","Índice de producción industrial, minería, INE (base 2014=100)","Índice de producción industrial, manufacturera, INE (base 2014=100)"
2005-01-01,-0.3,0.03355583453,1.0648623325395,,1.43790256735916,46.82,-0.56560299710513,86.5683913561062,83.9917218834716
2005-02-01,-0.1,0.1339703454786,0.4104803201409,,1.47586863830173,47.96,-0.085104454938334,75.0204791695301,80.4067083429556
2005-03-01,0.6,0.5082988047408,0.1131335490336,,1.53297650367414,54.17,2.84200550678884,89.8443948132909,92.0397089580129
2005-04-01,0.9,0.2266285936358,0.6666735430455,,1.53972602739726,52.96,6.62253212359782,82.6371872074846,91.8933785710875
2005-05-01,0.3,0.1926169499433,1.280172163373,,1.47378209198948,49.81,-1.1650946457853,91.3185963690241,87.7230602289022
2005-06-01,0.4,0.1618111849806,1.6607619478393,,1.59850766578971,56.39,1.27478543658952,83.5380881582104,85.7476418704902
2005-07-01,0.6,0.2405221628353,1.4572482102613,,1.63939490156945,58.67,3.55683449011439,84.4389891089361,87.7230602289022
2005-08-01,0.3,0.1148118632908,2.2607582927165,,1.72264809942847,64.96,0.618426731054056,93.5298987026238,88.5278578199542
2005-09-01,1,0.2882243643165,2.4313185479438,,1.74990474462488,65.54,3.66025802958203,88.3701932575578,87.5767298419769
2005-10-01,0.5,0.2174417153516,2.4011909650925,,1.84149505579243,62.36,1.26486712208949,92.7108978383276,90.1374530020582
2005-11-01,-0.2,0.1566772320627,1.2312621463202,,1.93655992016692,58.28,-4.89366245558556,95.6593009497938,90.8690881906528
2005-12-01,-0.3,0.1651234778239,1.2023313155894,,2.0760092533793,59.41,-2.81419769896722,109.909915988547,92.7713441466075
2006-01-01,0.1,0.0215028018471,1.3751458451754,,2.14747800054432,65.48,2.6011694977417,84.1932888496473,90.7227633857382
2006-02-01,-0.1,0.2257945532577,1.6177569875857,,2.2600018143881,61.62,-0.211809297250576,78.2964826267148,84.2112090908436
2006-03-01,0.6,0.9156904571134,0.9043711309889,,2.3146375759775,62.89,0.790440645904167,89.5986945540021,98.3317648815873
2006-04-01,0.6,0.4466978948179,0.962065033656,,2.89747800054432,69.54,3.87038163842639,88.2882931711282,92.1860337629275
2006-05-01,0.2,0.1235698719311,1.2003002080528,,3.6495781547673,70.93,1.82162482774875,92.3832974926091,93.5761417376595
2006-06-01,0.6,0.0717634450805,2.0757931218485,,3.26481447881702,70.93,2.40517603021357,91.3185963690241,88.0888778231995
2006-07-01,0.5,0.2291907182855,1.9822879865493,,3.49818561190239,74.4,0.521024292911099,91.8918969740314,90.1374530020582
2006-08-01,0.3,0.0230742048179,1.6243456064822,,3.49072847682119,73.04,2.09093970591487,83.4561880717807,89.7716354077609
2006-09-01,0,0.1027737080797,1.3613509662184,,3.44840787444434,63.82,-3.27190046508963,81.2448857381811,85.3818242761929
2006-10-01,-0.3,0.101210470496,1.7726292148342,,3.40215458586592,58.85,-4.26038503896922,98.8534043205489,94.4541073131063
2006-11-01,-0.2,0.2521066944307,2.1739323313006,,3.18841513199673,59.13,-1.47361893078333,95.5774008633642,92.9176689515222
2006-12-01,0.1,0.2441475054639,2.1348312371391,,3.02781003356618,62,0.595903270857545,105.896811753496,93.8687969294995
2007-01-01,0.3,0.204209806895,1.3039436379966,,2.57174090537966,54.24,0.926510442069772,88.9434938625651,93.2834865458195
2007-02-01,-0.2,0.1975611469119,0.8570769539754,,2.57482082917536,59.25,0.666449384294077,79.1973835774406,88.1620402256569
2007-03-01,0.4,0.7410161225879,1.0260613073484,,2.92682572802322,60.6,1.92123914854065,100.000005530564,103.233729576242
2007-04-01,0.6,0.4501842462485,1.5640215706187,,3.52284768211921,63.94,1.63562284195595,92.7108978383276,97.0148304731877
2007-05-01,0.6,0.3767546189611,1.9014668487772,,3.48460945296199,63.45,2.6115690140083,95.9869012955123,96.4295200895808
2007-06-01,0.9,0.3973197295489,1.0167009922918,,3.39103692279779,67.49,2.88564551225516,93.7755989619126,94.1614465393288
2007-07-01,1.1,0.7775746934492,0.0155559504411,,3.61694184886147,74.14,2.02579694650098,91.4823965418833,93.6493041401168
2007-08-01,1.1,0.701928082529,-0.461335781449,,3.40810124285585,72.38,0.493173633509025,87.8787927389801,93.5029793352022
2007-09-01,1.1,0.6750450071582,0.2749251688596,,3.46955456772204,79.91,0.514152507049048,96.3145016412307,86.4061146566276
2007-10-01,0.3,0.4548939828567,1.4487927291787,,3.63260001814388,85.9,0.938697114101683,97.9525033698231,98.9902432496622
2007-11-01,0.8,0.4874418851501,1.9489578977437,,3.160074389912,94.76,3.97610062954616,93.3660985297645,96.9416624887928
2007-12-01,0.5,0.3973848726477,1.8797402074183,,2.98814750975234,91.36,2.07851113209887,105.569211407778,97.0148304731877
2008-01-01,0,0.318902793627,1.8365298437233,,3.20285766125374,92.98,-0.24728189698825,88.0425929118393,97.3806436019496
2008-02-01,0.4,0.2218001110739,2.1474900734402,,3.5778327134174,95.38,0.510743370311673,84.1113887632177,93.2103241433622
2008-03-01,0.8,1.3064939063721,2.1072858985355,,3.82803683207838,105.47,-1.90316718889794,91.4004964554537,102.20943361387
2008-04-01,0.4,0.727537291636,1.5672154651868,,3.93945840515286,112.62,-0.492640220186713,84.8484895410842,101.331473620361
2008-05-01,1.2,0.7263848676096,0.4849797014433,,3.80239045631861,125.37,1.87912130004986,90.909095936876,94.1614465393288
2008-06-01,1.5,0.5526105869871,0.0987205449005,,3.74698357978772,133.93,5.67694838350545,94.1031993076311,93.2834865458195
2008-07-01,1.1,0.4942968956479,0.1957189593536,,3.81658350721219,133.38,2.0893199786383,86.8140916153951,96.5026769101007
2008-08-01,0.9,0.4913516166533,-0.297563394581,,3.46307720221355,116.64,3.38658719369653,84.7665894546546,90.5764363480193
2008-09-01,1.1,0.5296857589422,-0.814893415192,,3.17103329402159,103.94,2.53269258185782,85.9131906646693,89.4789857979315
2008-10-01,0.9,0.6097790727665,-1.593124097131,,2.23428286310442,76.61,0.732175023150927,90.253895245439,98.1854400765995
2008-11-01,-0.1,0.819947339073,-1.036522017298,,1.68602013970788,57.29,-8.01491784073638,87.7968926525505,91.4543985743329
2008-12-01,-1.2,0.4052229393445,-0.803044187957,,1.39344098702713,41.44,-11.4048425502473,95.9869012955123,93.4298113507649
2009-01-01,-0.8,0.2530212965309,-0.77016596024,,1.46089540052617,41.74,-5.94300839590758,84.0098569023992,89.2015647026572
2009-02-01,-0.4,0.2721683970728,-0.463285271751,,1.50354712873084,39.15,2.94140348220131,74.7863910468616,86.0474362486239
2009-03-01,0.4,1.1338900656146,-0.486364714091,,1.7008754422571,47.98,-1.02387399065728,86.1269044559814,96.0890768886158
2009-04-01,-0.2,-0.108922310306,-0.207925912986,,1.99879796788533,49.81,0.799802486882428,84.5197705216262,88.0222361461055
2009-05-01,-0.3,0.0879006255564,-0.607994671224,,2.07231697360065,59.12,0.563541461543626,89.1277623926833,84.4973834828054
2009-06-01,0.3,0.0238856902011,-0.582358635947,,2.27431280050803,69.62,5.18661091339663,92.3308322832867,84.0818178031846
2009-07-01,-0.4,-0.261500748299,-0.332585541208,,2.36575342465753,64.12,-0.90106781197441,83.4043908036615,86.8919684865634
2009-08-01,-0.4,-0.211766817329,0.3021326351852,,2.79656173455502,71.06,-4.34251139159015,91.667560985226,86.3889585691695
2009-09-01,1,0.179551672599,1.1963927093188,,2.8106822099247,69.44,8.32519997243586,92.6002956598932,84.5370315606755
2009-10-01,0,-0.008363845829,1.6636403092412,,2.85220901750884,75.77,-0.944466144823952,98.5145226010738,93.6655058429425
2009-11-01,-0.5,-0.095701657285,1.592629903248,,3.02803229610814,78,-1.74052263190864,92.8117816036912,92.4970307925861
2009-12-01,-0.3,-0.134901316381,1.230024511347,,3.1668828812483,74.49,-1.5256122294442,98.4865582179827,92.6091888813052
2010-01-01,0.5,-0.097515339425,1.0901445673118,,3.3503810215005,78.36,0.710758393336874,83.5837962099942,87.6338102374405
2010-02-01,0.3,0.1659914224884,1.4895539699396,,3.1063140705797,76.41,1.9944977913922,78.4146878993486,85.8852950121188
2010-03-01,0.1,0.3254261128703,0.3234986973136,9.2275980636192,3.38511748162932,81.25,0.0490689954205203,89.3141303960347,82.4762628847899
2010-04-01,0.5,0.0142938428608,0.8525598781553,8.836054099283,3.51314070579697,84.48,3.90250223749584,89.8134888388207,90.9326505914914
2010-05-01,0.4,-0.104039850396,0.501082683798,9.0877307261896,3.10155130182346,73.73,1.72978220658095,86.0118596366744,92.7113510232209
2010-06-01,0,0.1318548093999,3.3934173688327,8.6560640009262,2.9480631407058,75.35,-2.65255982246769,92.39884570004,89.1170563395453
2010-07-01,0.6,0.038767697885,3.1171565502016,8.5111787141127,3.05508935861381,76.35,0.182780771747848,91.4365677524695,92.2168981916738
2010-08-01,-0.1,0.2454792331724,3.664868807186,8.4362750412026,3.30397804590402,76.6,1.72885741943969,93.6759300992822,95.0150243720083
2010-09-01,0.4,0.3019500638685,2.3473820406844,8.1245686923359,3.49691554023406,75.29,-1.20646630531441,89.4248631404557,87.9076365099539
2010-10-01,0.1,0.1014503685927,1.9202195263627,7.8146967084653,3.76140796516375,81.9,0.939860808691551,93.1739927821012,97.3988100138726
2010-11-01,0.1,-0.055459430653,1.6226224117998,7.2250504372039,3.84191690102513,84.24,2.21716492127755,93.6558514480014,98.4433019209729
2010-12-01,0.1,-0.024191687637,1.1898653579138,7.2101288890971,4.14916991744534,89.15,-0.0424817185059267,99.8033405387436,98.7147151378437
2011-01-01,0.3,0.1025742189481,1.4592209635339,7.4417617188178,4.33443708609272,89.41,3.43316957833713,91.460981775645,94.7318105633238
2011-02-01,0.2,0.2256950315679,0.8647600222235,7.4427693646653,4.47591399800417,89.53,-0.0037861832734909,75.921062417098,91.9174685402696
2011-03-01,0.8,0.5942584907644,1.1656556541309,7.5481165580962,4.32307448063141,102.92,2.72330270571866,90.9520474104476,108.914397975592
2011-04-01,0.3,0.2042648075036,1.2543699915092,7.2111118602051,4.30157398167468,109.96,2.01243854565669,88.8011621845043,96.4945534064048
2011-05-01,0.4,0.344229601019,1.8157327464406,7.3047634518804,4.04928331670144,101.28,1.08346586736676,89.7967784388537,99.9983841284456
2011-06-01,0.2,-0.01303800318,1.4368041999033,7.2122553970482,4.10298013245033,96.25,0.968650440410945,88.2506550725854,95.8532605087913
2011-07-01,0.1,0.1314370686134,0.8591061648272,7.5533693014775,4.36325864102331,97.31,0.290183748857031,78.4439543283141,96.2647919373477
2011-08-01,0.2,0.104203865676,0.5178561064485,7.5146494707645,4.10110677673954,86.32,-0.167440348509962,88.8332223178206,99.4465666748847
2011-09-01,0.5,0.2055735298867,0.6413888638118,7.6263811757401,3.77158668239136,85.58,0.0185576902168139,91.0806333613458,96.4340219949519
2011-10-01,0.5,0.2102072976186,1.2085317078911,7.4366909896981,3.33280413680486,86.41,0.932669805877628,96.3678688570533,99.1442704008578
2011-11-01,0.3,0.1448797414128,1.4507006082973,7.3319133368942,3.42546040097977,97.12,-0.274859907535518,94.8871418209622,103.099456773518
2011-12-01,0.6,0.3328289336608,2.1748584105328,6.8146096671283,3.43261816202486,98.56,0.122757161371023,105.157935405667,103.944667890056
2012-01-01,0.1,0.4328227813337,2.2807589436735,6.853915676547,3.64848498593849,100.29,-0.651719267801676,89.9963847789956,97.7194430620011
2012-02-01,0.4,0.2724364992189,2.6375705346245,6.5283728037424,3.82050712147328,102.21,-0.89731629867198,84.5318532378809,96.5670326551242
2012-03-01,0.2,0.4932403503103,2.055313980065,6.7973028961148,3.83609271523179,106.15,-0.561627074546733,92.6011888720934,110.45830529289
2012-04-01,0.1,0.2548269487835,2.1762427554611,6.7636742906146,3.74654359067404,103.28,0.254917606018967,92.1027535931414,100.723595683871
2012-05-01,0,0.0373718229823,1.9052208923691,6.9418393842258,3.59245668148417,94.68,1.50719977823222,93.8292039925401,103.896683435775
2012-06-01,-0.3,0.0510945143955,1.853532999102,6.7812921942007,3.3657398167468,82.36,-2.96481803237914,92.6652035638745,97.582071628509
2012-07-01,0,0.0746277585093,1.3768123371017,6.6649669414834,3.44252472103783,87.9,-2.38937173702708,86.6291031426622,97.1573948954187
2012-08-01,0.2,0.0548424291447,1.1716426703118,6.5384289832067,3.39855302549215,94.11,2.96929513732718,94.8577366194098,104.076317542259
2012-09-01,0.8,0.3632183425711,0.7771344443804,6.5762953945396,3.65979315975687,94.51,-0.196409793491514,94.8067991754289,90.6567065510427
2012-10-01,0.6,0.2097374714246,0.4485668245924,6.6949333295345,3.66031026036469,89.52,1.08574427445358,98.1373346086909,107.922262628273
2012-11-01,-0.5,0.0994379394278,0.2439873710664,6.3597240604042,3.49006622516556,86.68,-3.26823011987812,98.4699636929287,104.378308787765
2012-12-01,0,0.2163560336904,0.5936363361632,6.2246556879872,3.61180259457498,88.19,0.0853488683099757,103.442631130007,101.176398595483
2013-01-01,0.2,0.2541949979167,1.06018226,6.119549592693,3.65112492062052,94.74,1.84178374090538,97.1510641670335,102.967225739034
2013-02-01,0.1,0.0592761625332,0.929266778,6.354761938598,3.66074571350812,95.27,1.91100199181395,86.8931611719845,99.1838723390741
2013-03-01,0.4,0.6459787126877,0.74953683,6.4261089083845,3.47586863830173,92.91,0.598509564960148,98.9157050144092,108.387836938262
2013-04-01,-0.5,0.2038427169927,0.342695742,6.5390100414664,3.26742266170734,92.02,-4.48941201205781,91.427666348865,104.545428622215
2013-05-01,0,-0.007184877084,0.686872709,6.5412356813197,3.27913000090719,94.76,-1.69893538782975,96.691327761115,99.4688010360392
2013-06-01,0.6,0.0115343167089,0.887930683,6.2605406935358,3.17701623877347,95.79,4.65976133293307,98.1820974193899,94.9696780149048
2013-07-01,0.3,0.0827593714931,1.186499351,5.8831519808406,3.12663521727297,104.7,0.954654460533444,99.0198382398965,102.128976925838
2013-08-01,0.2,0.1677910116408,1.116612186,5.8489625959424,3.25785176449242,106.55,2.15336332817486,100.650062840144,102.477451472114
2013-09-01,0.5,0.4635166457197,0.619416095,5.8604966913638,3.2484033384741,106.25,-0.531545973619907,99.9413903063602,90.1897579563026
2013-10-01,0.1,0.4304038308753,0.326189662,5.9526644251095,3.26079107321056,100.5,-3.43457187207507,104.866642910515,104.775366855546
2013-11-01,0.4,0.1261920621471,0.189259368,5.8648368756726,3.20529801324503,93.89,-0.219209386245844,106.068197831549,103.490814413662
2013-12-01,0.6,0.2968149831301,0.312761669,5.7817319689281,3.26723668692733,97.85,4.03940329177168,107.871742384505,101.772627024859
2014-01-01,0.2,0.2994724275075,0.147050486,6.2314665991056,3.30894039735099,94.86,0.780603924845091,95.2485355117299,100.5499389415
2014-02-01,0.5,0.3445790625913,0.039178184,6.1846947292971,3.24419395808764,100.73,1.83947852149347,91.645875873825,95.406352477855
2014-03-01,0.8,1.0714395405397,0.320948937,6.4964041476347,3.02450784722852,100.57,1.62844354169702,98.7235299290637,106.99680274165
2014-04-01,0.6,0.7729099473284,0.875935284,6.1441471565352,3.02586410233149,102.08,-1.10416171543684,96.331123686586,103.9057363832
2014-05-01,0.3,0.3504406917406,1.043833067,6.324242958052,3.1225074843509,101.86,1.30200372942677,104.35564985548,101.18300372796
2014-06-01,0.1,0.1757132234473,0.77048794,6.5178319122478,3.0872267077928,105.24,-0.000932156272059892,101.53098181172,96.830148608876
2014-07-01,0.2,0.0912506336198,0.044594988,6.5941218073472,3.22258005987481,102.94,1.05951031239788,98.0695204635172,98.760732659668
2014-08-01,0.3,0.2165071214979,-0.331795804,6.8264777631324,3.17542864918806,96.38,-1.10575322546941,98.4701406812728,97.074843826001
2014-09-01,0.8,0.5550327978716,-0.404578568,6.7605499259606,3.1172230790166,93.22,0.610383047850482,99.8195392176322,92.592673274702
2014-10-01,1,0.5903074164645,0.33288507,6.5636702551218,3.0568810668602,84.4,0.343235578828938,104.93267002854,104.39493319731
2014-11-01,0,0.1979396095641,0.635175146,6.2148680033327,3.03961262814116,75.81,-1.2687415960371,101.10961291093,99.869401140413
2014-12-01,-0.4,0.1010947653173,1.0963455,6.2055968190967,2.91343100789259,59.26,-5.85194725695872,109.76282002968,102.43543302083
2015-01-01,0.1,0.4871663905582,0.919979355,6.2266912629249,2.63804318243672,47.27,-5.55376757274822,103.064343606761,98.660057562744
2015-02-01,0.4,0.4473147473898,1.113280397,6.2152623703,2.58644198494058,50.61,2.70239364300886,91.5906835390871,95.503636928755
2015-03-01,0.6,0.9652321307772,0.656951666,6.2288644027975,2.68794339109135,47.78,1.34487763325826,97.7116451769552,108.37131078011
2015-04-01,0.6,0.7283249923376,0.543762809,6.3558414864696,2.73450058967613,54.44,1.11427264137409,96.0277701452394,103.51069638004
2015-05-01,0.2,0.3010473884513,0.414555138,6.7515088944151,2.85793794792706,59.27,0.560640888834207,102.1033546801,100.26887105228
2015-06-01,0.5,0.2375803000247,0.893200366,6.6702240657655,2.64610813753062,59.8,1.84041185067001,104.16563981749,98.280854476329
2015-07-01,0.4,0.3400059426289,0.613288814,6.6916061135188,2.47523813843781,50.9,1.85741322801953,95.7473495208507,101.08027953712
2015-08-01,0.7,0.4259229622753,0.118933526,6.5585027061965,2.30832350539781,42.86,1.22425164238731,92.7790509664148,95.901703669016
2015-09-01,0.5,0.4187606151239,-0.287429914,6.5439997153519,2.36237412682573,45.45,-0.602008362839179,101.32913995534,96.977349247604
2015-10-01,0.4,0.5180152362152,-0.016054686,6.4452389584113,2.36896035562007,46.2,-0.839491083227772,104.95229265468,104.07251601774
2015-11-01,0,0.1339093200499,0.642923254,6.1748227596574,2.18100335661798,42.7,-1.23896272093078,99.924547702193,102.74733113197
2015-12-01,0,0.1166203116911,0.628621483,5.8704192154739,2.09970062596389,37.23,-0.986110592900669,106.94532301375,103.38740929982
2016-01-01,0.5,0.3370175099796,0.785052635,5.9174359863914,2.02429012065681,31.54,-1.10759942290563,94.5923180686707,96.925296159854
2016-02-01,0.3,0.4150170678261,0.955902137,6.0461631026577,2.08449605370589,30.39,0.997950889416654,92.6341356426226,99.41067092305
2016-03-01,0.4,0.751654587623,1.184510252,6.49049906407,2.24419395808764,37.77,-0.386976979539555,100.71306708469,112.46261284335
2016-04-01,0.3,0.5882618922719,0.644042039,6.6052157884769,2.2004535970244,40.96,1.45692635871684,90.6008139050075,103.29768964999
2016-05-01,0.2,0.1058623661119,-0.212969686,7.027192121286,2.13569354985031,46.73,1.30582285256133,100.47254475537,100.79158918546
2016-06-01,0.4,0.1136950608938,-0.469197181,7.0180202335965,2.10044452508392,48.75,1.21904328992812,95.4319206372702,96.557455125631
2016-07-01,0.2,0.3191305610517,-0.039263134,7.2671162502907,2.20257189512837,44.69,-0.471756575694271,95.1647990149062,95.045079959919
2016-08-01,0,0.163121009671,0.471253263,7.0704324272928,2.15830536151683,44.75,-2.30786172375502,95.7509928658044,100.89315181812
2016-09-01,0.2,0.0070905356667,0.66826251,7.0307198781385,2.13516284133176,45.2,0.350295939329293,96.9847104609781,97.969169395334
2016-10-01,0.2,0.1213831745941,0.293585305,6.6808261954863,2.14648462306087,49.89,1.36521321246741,97.3289543683324,98.859271917236
2016-11-01,0.1,0.1591253234307,0.061845454,6.4033831152142,2.46904200308446,45.57,0.547681080548368,100.380926907313,103.31340132619
2016-12-01,-0.2,-0.027902271566,-0.219699016,6.2004127300428,2.57019413952644,52.01,-0.0116741846492241,103.37014211177,104.2546680752
2017-01-01,0.5,0.3965269476435,0.021233393,6.3693701245487,2.60248117572349,52.51,2.25159588206436,91.5621463276211,97.540755928276
2017-02-01,0.2,0.349630586266,-0.199297261,6.7713485956733,2.69506940034473,53.4,0.245930160691499,78.0516677406665,94.217936536236
2017-03-01,0.4,0.5207151537274,-0.53979901,7.0402289496768,2.64062414950558,49.58,-0.281206116791566,78.7935900877818,112.64490333749
2017-04-01,0.2,0.4657054255284,-0.624139348,7.0779779734202,2.5844461580332,51.06,-0.120002533540953,87.7868714890953,95.311960281844
2017-05-01,0.1,0.0551757692941,0.086501555,7.326344790601,2.53628776195228,48.5,0.0275846896929277,94.2753359354865,103.61961862312
2017-06-01,-0.4,0.0005027387041,1.217917769,7.3125193579654,2.58526716864737,45.17,0.0694429747379877,92.6067358119442,95.420577520471
2017-07-01,0.2,0.1185569937324,1.886293145,7.2167784939905,2.71187517009888,46.65,-0.958964847736488,98.3493384710875,96.831330440453
2017-08-01,0.2,0.0417121535917,2.032273576,6.9075946714037,2.9384831715504,48.03,0.580519800832979,103.19382653399,101.36364925381
2017-09-01,-0.2,-0.035817304364,1.960782993,6.9952969791219,2.98611539508301,49.83,-0.335328279911362,101.62273718774,94.390903725238
2017-10-01,0.6,0.3032899611653,1.517142951,6.984697394799,3.08327587771024,51.56,2.02647962164184,106.775372901865,98.771666414616
2017-11-01,0.1,-0.091319699304,1.204616217,6.7039187219485,3.09605824185793,56.65,0.433306167502301,103.06160416745,106.25723723331
2017-12-01,0.1,-0.031768652852,0.65578754,6.5126532130199,3.08498593849224,57.94,1.31269046045825,106.46232476886,101.6557537795
2018-01-01,0.5,0.3448192637403,0.818020729,6.8254374445719,3.21160301188424,63.67,-0.0497054115176754,96.275694553703,100.57753092707
2018-02-01,0,0.0418101679248,0.687073001,7.0100532120791,3.17599564546857,62.17,0.537099336998903,92.969837463721,97.671020962955
2018-03-01,0.2,0.6226992723923,1.083624383,7.3760875809755,3.08253651456047,62.76,-0.899021285567503,101.20563665331,109.81445989046
2018-04-01,0.3,0.3885368141848,1.127296933,6.9937939491544,3.10194593123469,66.32,0.497180792227492,91.30378853369,106.10748804988
2018-05-01,0.3,0.1634683429313,1.581986887,7.3814464950714,3.09433003719496,69.98,1.3908171856559,99.416586252579,105.52198808825
2018-06-01,0.1,0.1033534990694,1.34454461,7.5137144929646,3.15467204935136,67.52,1.49585289860681,95.141700062525,103.37078729738
2018-07-01,0.4,0.1697051943159,0.926760755,7.8534584611052,2.83415585593759,70.84,1.18226596445001,100.37021295385,96.500839794954
2018-08-01,0.2,0.1670536664972,-0.017086072,7.7190711079047,2.73961262814116,67.99,1.02945177576326,98.322822056271,105.75160801559
2018-09-01,0.3,-0.000129847585,-0.381303229,7.4702905165262,2.73066315884968,70.21,1.35671137054292,100.83243490609,90.146909276523
2018-10-01,0.4,0.2351816094427,-0.142287988,7.4119068299065,2.8195092080196,70.75,-0.164502190706284,100.49816176423,108.39779438538
2018-11-01,0,0.0949182738942,0.92830775,7.3111275021128,2.809126372131,56.67,-0.609821721878356,110.11772158202,103.88079850687
2018-12-01,-0.1,-0.082000849066,1.252994758,7.1464633153887,2.76431552209018,48.95,-1.73397509766859,111.244165042,104.41434206255
2019-01-01,0.1,0.5,1.015306083,7.1295721723762,2.69074662070217,51.52,-1.77048810591661,91.455131719528,103.59399677325
2019-02-01,0,0.1,-0.356584941,7.0342779076251,2.84777283861018,54.95,-1.31315656145514,83.188957360611,98.610493189274
2019-03-01,0.5,0.6,-0.327866587,7.23627924029,2.9261634763676,58.15,-0.0496270471736393,95.314560694206,111.62274820257
2019-04-01,0.3,0.3,-0.00208035,7.0963377412054,2.92347818198313,63.87,1.39703999893324,93.235705680584,104.71019967962
2019-05-01,0.6,0.1,1.382073629,7.2322801999576,2.73442347818198,60.84,4.7103843084982,97.964120893884,107.8841764222
2019-06-01,0,0.1,1.148036805,7.2538126303226,2.66190238592035,54.68,-0.415680538474228,94.53391415017,97.863539136329
2019-07-01,0.2,0.2,0.601851871,7.5486410796646,2.69429828540325,57.52,-0.493361347633003,97.657069360312,102.58614926181
2019-08-01,0.2,0.1,0.044246071,7.5718079861493,2.5891227433548,54.84,0.101667306824593,102.62222614993,104.78513269443
2019-09-01,0,0.1,0.207774094,7.3372973397862,2.60613263176994,56.95,-0.279059277088312,99.447566609704,92.569702604058
2019-10-01,0.8,0.3,-1.077175419,7.1410798092785,2.60495781547673,53.98,2.94101988859483,100.11562874746,102.16917104151
2019-11-01,0.1,0,-3.195981349,6.9603082938941,2.65793794792706,57.06,-0.657525527063008,101.06582249116,106.9696743762
2019-12-01,0.1,0.1,-3.909192704,7.0631690877494,2.74990020865463,59.8,1.51263995997459,113.37018915536,108.93164714703
2020-01-01,0.6,0.3,-0.65241306,7.4430743295789,2.74389912002177,57.52,0.993765588988937,92.955793480854,107.35559926697
2020-02-01,0.4,0.4,3.225895517,7.8105192968302,2.5793567994194,50.53,-0.047113923692732,91.472773159258,101.64368050819
2020-03-01,0.3,0.7,2.724932483,8.2285090973616,2.34903383833802,29.88,-0.14094238765836,97.576223696364,112.62075530531
2020-04-01,0,0.4,-3.771641234,9.0018555844912,2.28987117844507,16.52,-2.18915405358778,92.860763956805,98.017711518384
2020-05-01,-0.1,0,-10.75037175,11.206932833479,2.37404517826363,28.56,-1.47963771822912,100.05986900484,92.569979875727
2020-06-01,-0.1,0,-13.30371784,12.217859680127,2.60473101696453,38.3,-1.00039335309201,97.254521546812,89.502058019109
2020-07-01,0.1,0.2,-9.2472166,13.091216396143,2.88204662977411,40.75,-1.25266296992,98.932346405389,94.893912991602
2020-08-01,0.1,0.2,-2.275146678,12.907461467072,2.94688378844235,42.36,-0.999260679169,100.09485340519,96.402783642107
2020-09-01,0.6,0.4,4.868941802,12.34829068332,3.04472920257643,39.6,0.3036670332584,98.592579522924,97.605693934569
2020-10-01,0.7,0.6,7.694574156,11.577038760121,3.04035652726118,39.53,0.5093748907146,102.04713130506,108.49890293968
2020-11-01,-0.1,0,8.075925512,10.758022977255,3.20395083008256,41.1,-0.452479235783,101.70890631858,105.7866797755
2020-12-01,0.3,0.2,6.668114688,10.286318749044,3.51775378753515,47.05,0.5023925389001,103.98856820864,108.98067798859
2021-01-01,0.7,0.6,5.914405444,10.227160890761,3.61539508300826,52.1,1.7880441249485,92.756617180313,102.0144555489
2021-02-01,0.2,0,5.646189734,10.304521336183,3.83754422570988,59.06,2.180320748287,85.207924786255,102.73410497339
2021-03-01,0.4,0.5,4.512857219,10.353809664207,4.08463213281321,62.35,1.6856424737505,99.608552469837,117.09612539251
2021-04-01,0.4,0.5,2.46550953,10.244367108474,4.23457770117028,61.71,1.6280482855793,96.734980185433,104.04980481804
2021-05-01,0.3,0.2,0.698519197,10.037301451191,4.61941848861472,65.18,0.7856964141342,98.639162432194,100.88627328366
2021-06-01,0.1,-0.1,0.887354639,9.4964882170436,4.36016964528713,71.38,1.5660441648344,96.283074835447,102.8788429002
2021-07-01,0.8,0.7,2.892232986,8.9332892027599,4.2790483534428,72.46,2.4012526537803,96.928078512276,105.67200455425
2021-08-01,0.4,0.2,4.090535161,8.5475660411635,4.24439354077837,67.73,1.0234893808602,97.226756047671,107.87656470557
2021-09-01,1.2,0.7,4.320201436,8.4056111552988,4.22937040733013,71.56,0.9721964946574,91.418472731195,102.12505203915
2021-10-01,1.3,0.3,3.156484406,8.0766005069859,4.43549850312982,81.32,2.6017079671011,102.32457038298,110.18814007893
2021-11-01,0.5,0.7,2.876414506,7.527649055274,4.42959266987209,79.18,1.4217302113862,101.05891437107,111.67108179773
2021-12-01,0.8,0.7,2.185016105,7.1898934478904,4.33199219813118,71.53,0.027032197968,104.59595541431,111.55703365486
2022-01-01,1.2,1.2,1.413632301,7.271464819756,4.43432822280686,83.12,0.8117221055883,86.962200443924,104.5131274544
2022-02-01,0.3,0.7,0.017024455,7.4985219215408,4.50936677855393,91.74,1.616940444821,80.199490077508,100.03808579167
2022-03-01,1.9,1.5,-0.32153988,7.7978651688704,4.64374036106323,108.49,2.5866760466703,97.35598614602,121.19585506802
2022-04-01,1.4,1.1,-0.469905885,7.7474931765825,4.61903746711422,101.78,2.485069584854,86.477752332208,106.08261589953
2022-05-01,1.2,0.9,-0.087717036,7.8039797578749,4.24694275605552,109.6,1.5954567235148,98.344702658496,104.01091721925
2022-06-01,0.9,0.7,-0.720488906,7.8114737505625,4.09740088905017,114.59,1.6737218664213,94.254176093047,100.23120421081
2022-07-01,1.4,0.9,-1.205034945,7.9188115449306,3.41549033838338,99.85,3.855007008712,90.602125459726,100.23530116394
2022-08-01,1.2,0.9,-1.46682257,7.9293997650867,3.61107683933593,91.57,2.0158214566259,90.08383752138,103.52852228325
2022-09-01,0.9,1,-1.147898221,8.0400244066344,3.50843690465391,83.87,1.0420756124021,91.428636440321,98.961253119987
2022-10-01,0.5,0.1,0.093805798,7.9683805988207,3.45695817835435,87.26,0.5272232618797,102.74445300952,100.12553488316
2022-11-01,1,0.9,0.05960146,7.9488231355874,3.64236142610905,84.78,1.4084441384782,97.807913380912,102.95858482602
2022-12-01,0.3,0.3,0.009534306,7.8627488308129,3.79535063049986,76.52,-0.854743475473,106.57249311131,106.62052144315
